<?xml version="1.0" encoding="UTF-8"?>
<!DOCTYPE mapper PUBLIC "-//mybatis.org//DTD Mapper 3.0//EN" "http://mybatis.org/dtd/mybatis-3-mapper.dtd">
<mapper namespace="com.flink.streaming.web.mapper.AlarmLogMapper">
    <resultMap id="BaseResultMap" type="com.flink.streaming.web.model.entity.AlartLog">
        <id column="id" jdbcType="BIGINT" property="id"/>
        <result column="job_config_id" jdbcType="BIGINT" property="jobConfigId"/>
        <result column="job_name" jdbcType="VARCHAR" property="jobName"/>
        <result column="message" jdbcType="VARCHAR" property="message"/>
        <result column="type" jdbcType="BIT" property="type"/>
        <result column="status" jdbcType="BIT" property="status"/>
        <result column="is_deleted" jdbcType="BIT" property="isDeleted"/>
        <result column="create_time" jdbcType="TIMESTAMP" property="createTime"/>
        <result column="edit_time" jdbcType="TIMESTAMP" property="editTime"/>
        <result column="creator" jdbcType="VARCHAR" property="creator"/>
        <result column="editor" jdbcType="VARCHAR" property="editor"/>
    </resultMap>
    <resultMap extends="BaseResultMap" id="ResultMapWithBLOBs"
               type="com.flink.streaming.web.model.entity.AlartLog">
        <result column="fail_log" jdbcType="LONGVARCHAR" property="failLog"/>
    </resultMap>

    <sql id="Base_Column_List">
        id, job_config_id, job_name,message, type, status, is_deleted, create_time, edit_time, creator,
        editor
    </sql>
    <sql id="Blob_Column_List">
        fail_log
    </sql>


    <insert id="insert" parameterType="com.flink.streaming.web.model.entity.AlartLog">
        <selectKey keyProperty="id" order="AFTER" resultType="java.lang.Long">
            SELECT LAST_INSERT_ID()
        </selectKey>
        insert into alart_log (job_config_id, message,job_name, type,
        status, is_deleted, create_time,
        edit_time, creator, editor,
        fail_log)
        values (#{jobConfigId,jdbcType=BIGINT}, #{message,jdbcType=VARCHAR},#{jobName,jdbcType=VARCHAR}, #{type,jdbcType=BIT},
        #{status,jdbcType=BIT}, 0, now(),
        now(), 'sys', 'sys',
        #{failLog,jdbcType=LONGVARCHAR})
    </insert>


    <select id="selectByParam" parameterType="com.flink.streaming.web.model.param.AlartLogParam" resultMap="ResultMapWithBLOBs">
        select
        <include refid="Base_Column_List"/>

        from alart_log
        where is_deleted=0 and  create_time>=DATE_SUB(CURDATE(), INTERVAL 30 DAY)
        <if test="jobConfigId!= null">
            and job_config_id = #{jobConfigId,jdbcType=BIGINT}
        </if>

        <if test="type != null">
            and   type = #{type,jdbcType=BIT}
        </if>
        <if test="status != null">
            and  status = #{status,jdbcType=BIT}
        </if>
         order by  create_time desc
    </select>


    <select id="selectByPrimaryKey" parameterType="java.lang.Long" resultMap="ResultMapWithBLOBs">
        select
        <include refid="Base_Column_List" />
        ,
        <include refid="Blob_Column_List" />
        from alart_log
        where id = #{id,jdbcType=BIGINT} and is_deleted=0
    </select>


</mapper>
