<?xml version="1.0" encoding="UTF-8"?>
<!DOCTYPE mapper PUBLIC "-//mybatis.org//DTD Mapper 3.0//EN" "http://mybatis.org/dtd/mybatis-3-mapper.dtd">
<mapper namespace="com.flink.streaming.web.mapper.SavepointBackupMapper">
  <resultMap id="BaseResultMap" type="com.flink.streaming.web.model.entity.SavepointBackup">
    <id column="id" jdbcType="BIGINT" property="id" />
    <result column="job_config_id" jdbcType="BIGINT" property="jobConfigId" />
    <result column="savepoint_path" jdbcType="VARCHAR" property="savepointPath" />
    <result column="backup_time" jdbcType="TIMESTAMP" property="backupTime" />
    <result column="is_deleted" jdbcType="BIT" property="isDeleted" />
    <result column="create_time" jdbcType="TIMESTAMP" property="createTime" />
    <result column="edit_time" jdbcType="TIMESTAMP" property="editTime" />
    <result column="creator" jdbcType="VARCHAR" property="creator" />
    <result column="editor" jdbcType="VARCHAR" property="editor" />
  </resultMap>

  <sql id="Base_Column_List">
    id, job_config_id, savepoint_path,backup_time, is_deleted, create_time, edit_time, creator, editor
  </sql>

    <insert id="insert" parameterType="com.flink.streaming.web.model.entity.SavepointBackup">
        <selectKey keyProperty="id" order="AFTER" resultType="java.lang.Long">
            SELECT LAST_INSERT_ID()
        </selectKey>
        insert into savepoint_backup (job_config_id, savepoint_path,backup_time, is_deleted,
        create_time, edit_time, creator,
        editor)
        values (#{jobConfigId,jdbcType=BIGINT}, #{savepointPath,jdbcType=VARCHAR},#{backupTime,jdbcType=TIMESTAMP}, 0,
        now(), now(), 'sys',
        'sys')
    </insert>


    <select id="selectByLimt10" parameterType="java.lang.Long" resultMap="BaseResultMap">
        select
        <include refid="Base_Column_List" />
        from savepoint_backup
        where job_config_id = #{jobConfigId,jdbcType=BIGINT} and is_deleted=0
        order by  backup_time desc limit 10
    </select>

    <select id="getSavepointBackupById" parameterType="java.lang.Long" resultMap="BaseResultMap">
        select
        <include refid="Base_Column_List" />
        from savepoint_backup
        where job_config_id = #{jobConfigId,jdbcType=BIGINT} and is_deleted=0 and  id=#{id,jdbcType=BIGINT}

    </select>



</mapper>
